Usage,Text,Label
Public,A bdelul okdemelem a cheloit er a Emerert.,pau
Public,A bo dechebuul e a kedeiuul oltoir.,pau
Public,A chemeled a di dongaus er ngii e durur.,pau
Public,A chimad el dodersii a chimal a chad el odersii.,pau
Public,A cherechar a lokelii,pau
Public,A eolt a bad er a cheskiik.,pau
Public,A isnged a di kmeed e diak dengetemii.,pau
Public,A kilt a udach,pau
Public,A mekngit el tekoi a dub e a ungil el tekoi a ollak.,pau
Public,A mesei a delal a telid.,pau
Public,A ochim a meklechem.,pau
Public,A omkokl el sechou a medinges.,pau
Public,A ralm a diak locheraol. ,pau
Public,A reched a ioud.,pau
Public,A redil a desemelel a sechal. ,pau
Public,A rekung el daob a mla otitech a rekung el beluu.,pau
Public,A remeteet a ko er a redechel a bngaol el di ruebet e oulkou.,pau
Public,A rengalek el sechal a di mekekerei e kora mersaod el melbard er ter ra btil a ralm.,pau
Public,A rengud me chodab.,pau
Public,A sebiil e kau aimong.,pau
Public,A telekangel a dilu meng beluu Ngersuul,pau
Public,A uel el kuk meremang el me omeklatk me ng mo uchul a klengitereng,pau
Public,A ukall a diak lebo ltitimel.,pau
Public,A ungil el merreder a ua chull el melemedem er a daob.,pau
Public,Aika chedengal a matukeiol.,pau
Public,Chais Belau.,pau
Public,Ak meruul me kau er a terudel?,pau
Public,A merekos el tekoi a mechuached a telemtemul.,pau
Public,A redelemiu ouerau ongeched. ,pau
Public,A remechebuul a klekedellel a beluu.,pau
Public,A resechal a reng er tir bad. ,pau
Public,Banged er a Kemais.,pau
Public,Beches a desomel.,pau
Public,Beches el ears.,pau
Public,Bekiu a ngerel.,pau
Public,Berengelel a deleb. ,pau
Public,Bertechelel a deleb,pau
Public,Bisech rebai el tekoi.,pau
Public,Bita el tuangel.,pau
Public,Bekokuii er a reng.,pau
Public,Bkul a kesol.,pau
Public,Bo mchermii a oruklel a Dachelbai.,pau
Public,Bengud a derrir.,pau
Public,Choreor ourois a rechad.,pau
Public,Delebusols.,pau
Public,Dings e deel,pau
Public,Dmolech er a reng.,pau
Public,Ebedel a kesol. ,pau
Public,Eldochel a klekekered chad a ilkolk.,pau
Public,Chemang.,pau
Public,Emeched el bekall.,pau
Public,Cheremrum. ,pau
Public,Euid el lomengur. ,pau
Public,Ideuekl chemaidechedui.,pau
Public,Ienged el merreder. ,pau
Public,Ilad el dui.,pau
Public,Kau ke ngelekel a Redechor me ke di dechor?,pau
Public,Ke ko er a katuu el di kau el di melecholb er kau.,pau
Public,Ke ko er a okared el di ngii el melul er ngii er a ngau.,pau
Public,Ke ko er a rubak er a Ngerechelong el omtab er a bngel er a eabed.,pau
Public,Ke ko er a tuu er a Cheangel.,pau
Public,Ke ko er a bisech er a bai el dechor er a rebai e diak dousbech er ngii. ,pau
Public,Ke ko er a cheberdord el di ngii el melul er ngii er a ngau.,pau
Public,Ke ko er a cherabrukl el di blsiochel e reborb.,pau
Public,Ke ko er a kedam el suebek e ak di oba okum.,pau
Public,Ke ko er a kuaol el sbungel er bab me iou.,pau
Public,Ke ko er a otaor el di omtitechakl el diak a blil.,pau
Public,Ke ko er a sechou el suebek e mekebekabes ochil.,pau
Public,Ke mnga llel a kesuk.,pau
Public,Kedeb a chimal,pau
Public,Ke di lotkii a Chelechang e diak mletkii a Cherechar.,pau
Public,Ke di medochii e rouar; kemam a mekerang? ,pau
Public,Kemangel a chimal.,pau
Public,Ke mera el di medochii el rouar.,pau
Public,Ke mera el ngelekel a ulled.,pau
Public,Kemngal osenged,pau
Public,Kid a rechad a milechell er a kosekodel.,pau
Public,Kmai.,pau
Public,Kmakm mechab: charm er a chab el kmeed er a ngau e diak lemedul.,pau
Public,Kom chameiu el blai.,pau
Public,Kom ko er a mekebud el betok e di telechem.,pau
Public,Ksull.,pau
Public,Lak bo mua chad er a Ngerchemai el miltom er a uel el metom ra mlai.,pau
Public,Lak moltoech er a todem.,pau
Public,Meas.,pau
Public,Meduch a ngerel.,pau
Public,Mekebud.,pau
Public,Melim e menga er a ngar er a ucharm. ,pau
Public,Menga a kim.,pau
Public,Menga a ekil.,pau
Public,Mengar me a mecherocher.,pau
Public,Mengesakl a ulaol,pau
Public,Mengib a otechel a sils.,pau
Public,Mengii a ududel.,pau
Public,Mengoit a chedal a Ngetkeuang. ,pau
Public,Mesachel a oruikl. ,pau
Public,Mesumech e dmanges.,pau
Public,Metkul a bkul a Ngirair e klou el Belau el mo er a Ngerechelong. ,pau
Public,Ng mlenga a telochel a demal me ng uai ngii.,pau
Public,Mokes a okesongel.  ,pau
Public,Molech.,pau
Public,Moutekangel e ng kmeda a meched.,pau
Public,Msebechii a kelel Ngersuul.,pau
Public,Msisichau e a tutau a kmedang. ,pau
Public,Msisichau e ng di kmeed a meched.,pau
Public,Mechut el ears. ,pau
Public,Ng di ngmai a llechul er a rael.,pau
Public,Ng di ua dorael er a medal a oles.,pau
Public,Ng dimlak longesimer a tekoi el chad.,pau
Public,Ng kmes a usekerel el chad,pau
Public,Ng ko er a beab er a Ngerard el kma a lisiu me a lisam.,pau
Public,Ng ko er a bekerurt el chebis el di ruebet e melalem.,pau
Public,Ng ko er a Beriber me a Chemaredong.,pau
Public,Ng ko er a chad er a Ngesias el ngemuu er a mla mokom.,pau
Public,Ng ko er a chades er a Rebodel.,pau
Public,Ng ko er a dechil a Ngiraidechiil el dirk bengel.,pau
Public,Ng ko er a kim er a Murael el di dengarech e oker a chais.,pau
Public,Ng ko er a meas er a Ngetmeduch el di ngii el oltak er ngii er a derau.,pau
Public,Ng ko er a menga a blelekl.,pau
Public,Ng ko er a Ngerechebal el ka lsingd er a Imeliik me a ka lsingd er a Ngerekebesang.,pau
Public,Ng ko er a omenga el Raus el sosokod e di keang.,pau
Public,Ng ko er a chameiu.,pau
Public,Ng kora bosed er a Ngiraeuekelebid.,pau
Public,Ng ko er a Beachedarsai el di telkib e diak bo lak,pau
Public,Ng kora bechars er a Ngerdobotar el di kiei me ng chelengang,pau
Public,Ng ko er a belochel el mesengei otelochel e suebek.,pau
Public,Ng ko er a beremel a chelechelui.,pau
Public,Ng ko er a besos Lechemai el di ngariou el meritech,pau
Public,Ng ko er a biul el chad el ngesonges er a buld. ,pau
Public,Ng ko er a blsuus el telebudel.,pau
Public,Ng ko er a btil a Titechingai,pau
Public,Ng ko er a bukitang el meduch el meldelodech a bedengel.,pau
Public,Ng ko er a chad er ker el melechong e ngak a mekerasem.,pau
Public,Ng ko er a chad er a Ngcheangel el di me chemed er a Ngkesol.,pau
Public,Ng ko er a chad er a Ngerechelong el di bita el mo dechor er a debsel a lei.,pau
Public,Ng ko er a chad er a Ngerechemai el metom er a uel el metom er a mlai.,pau
Public,Ng ko er a char er a Kosiil el lecheraches e ng mong me a lekeriik e ng mei.,pau
Public,Ng ko er a ebedel a Mengellakl el di mochu meleketek. ,pau
Public,Ng kora chebiei el Cheangel el di ta e chutur a ta el suk.,pau
Public,Ng ko er a chelatngikl el diak lebeldakl oltellel e dingemuu. ,pau
Public,Ng ko er a chelebed er a Utaor el di ta temetemir,pau
Public,Ng ko er a Chelebesoi er a Ngeriil el mad er a diak lebngel.,pau
Public,Ng ko er a chelid er a Ngebuked el di rirekir er a bab.,pau
Public,Ng ko er a chellel ongos el di mengeleu e tmat a deluus. ,pau
Public,Ng ko er a cherellel a beab el di ta e keroker.,pau
Public,Ng ko er a ongit Irrai.,pau
Public,Ng ko er a debar er a Ngechur el klungang e me ngal modekriker.,pau
Public,Ng ko er a dereberebel olik el chelidobel e tellatel. ,pau
Public,Ng ko er a derumk el di merrumk er ngii el diak a ultutelel. ,pau
Public,Ng ko er a ibuchel er a Ngemai el di kiei me a dekedekel.,pau
Public,Ng kora ilaot Itkib el di ngii el romur.,pau
Public,Ng ko er a ilotel a melenges er a Ngesebei el melecheseb er a tedobech el omekeek er a mui.,pau
Public,Ng ko er a iubet er a keburs.,pau
Public,Ng ko er a kaeb er a Chelong el di bekerurt er a ongor.,pau
Public,Ng ko er a kaldos el choitii a telemall e omkar er a mechubs.,pau
Public,Ng ko er a kedarm el di metirem e metord.,pau
Public,Ng ko er a killii a derudm el medel a betok el tekoi.,pau
Public,Ng ko er a kobesos.,pau
Public,Ng ko er a meiko er a Tmel el di mengereel el olsiu er ngii er a ngau.,pau
Public,Ng ko er a mekemedil a Ulong el doba er a kebesengei,pau
Public,Ng ko er a melechong el terriid.,pau
Public,Ng ko er a mengang er a beritengetang el kukau.,pau
Public,Ng ko er a mud er a Bngei el di melecheb er a rrengor.,pau
Public,Ng ko er a mur er a Ngchesar el di klukuk el di klukuk.,pau
Public,Ng ko er a Ngiramesemong el omilt a mla me e mong.,pau
Public,Ng ko er a Ngirekolik.,pau
Public,Ng ko er a ngkelel a iusech el dimengel a medad er ngii,pau
Public,Ng ko er a ngklel a bai er a Chol: a Medederiik,pau
Public,Ng ko er a ngklel a bai er a Ngerekabesang: a Telkakl,pau
Public,Ng ko er a nguis el beritengetang a chural (or Britengetang). ,pau
Public,Ng ko er a olengchelel a eolt er a Saipan.,pau
Public,Ng ko er a omelechong er a diong er a Tellei: Lolecholb a chad e ke mekerasem.,pau
Public,Ng ko er a omelkesel Ngirakerisil el di diak lecheldereder a mlil. ,pau
Public,Ng kora omengelel a Laib el mengang e melakl,pau
Public,Ng kora osechel a mengur el di ngar er a milkolk el mo er a milkolk.,pau
Public,Ng ko er a remechas el kerekikl er a klukl me a rames.,pau
Public,Ng ko er a rengul a bolobel el di melemalt.,pau
Public,Ng ko er a rrull el di mededeod el mengang el merael.,pau
Public,Ng ko er a rrut rubak.,pau
Public,Ng ko er a Tangerekoi.,pau
Public,Ng ko er a tengadidik el di melekoi el suebek.,pau
Public,Ng ko er a teribsel a daob el di mei e mo diak.,pau
Public,Ng ko er a terriid el teloi er a klab e di mengerem.,pau
Public,Ng ko er a uchul a delil ar rurrot.,pau
Public,Ng ko er a uel el suebek e mekebekabes a ochil.,pau
Public,Ng ko er a uul el teleu a blil e oleker er a chull.,pau
Public,Ng mimokl a usekerel el chad.,pau
Public,Ng oba a otebedel a chulad.,pau
Public,Ng omok a kerrekar.,pau
Public,Ngai bebudel.,pau
Public,Ngak a ngit me kau a ngoi?,pau
Public,Ngalek a bai.,pau
Public,Ngalek a riomel. Ngalek a ked.,pau
Public,Ngalek a uloul.,pau
Public,Ngara eseos e olengimech el mera dalem.,pau
Public,Ng cheiko e omekrael er a ta er a cheiko.,pau
Public,Ng di rengud e ngused.,pau
Public,Ng di sengsongd e mrechorech a kauang.,pau
Public,Ng diak kobetik rengii recheroid e me douchi er a rebai.,pau
Public,Ngdichelled e mekemad?,pau
Public,Ngdingemelel a Ititong a mult a dechel.,pau
Public,Ngelek el budel.,pau
Public,Ngelek el chelsel.,pau
Public,Ngelek el medad.,pau
Public,Ngeuaol er a busech,pau
Public,Ngika el chad a ko er a debar.,pau
Public,Ngiradart.,pau
Public,Ngiull e ngedall. ,pau
Public,Ng kekerei e sechal,pau
Public,Ng kolia a delal.,pau
Public,Ng kolia a ngelekel.,pau
Public,Ng melebisech er a chutem e imiit? ,pau
Public,Ng meredem er oiaol bedul ngii.,pau
Public,Ng mla merekakl a tekingel.,pau
Public,Ng mla mkelii a tual.,pau
Public,Ng okouik me ng obached e a lokouim eng diak lobached.,pau
Public,Ng ouchaet a chikled er ngii el tekoi.,pau
Public,Ng ralm el tekoi.,pau
Public,Ng ta el suk me ng diilut re Meduu.,pau
Public,Ng tilobed a delbengek.,pau
Public,Ng ua beab el mengard.,pau
Public,Ng ua kukau el omertort a ditel e chemoes.,pau
Public,Ng ua lemechebiso tolekngel a Modelab,pau
Public,oba a omesalo-eaur,pau
Public,Oba tet e luut,pau
Public,Ogai,pau
Public,Oked lomiou.,pau
Public,Olbed e kall.,pau
Public,Oldubech er a malt.,pau
Public,Olduleb e melidel.,pau
Public,Olik. ,pau
Public,Oltengkou,pau
Public,Omechar a reng.,pau
Public,Omechiib e melemedem,pau
Public,Omeka cheremel a Rebabch.,pau
Public,Omengal dechedacham,pau
Public,Omerekerek er a marek. ,pau
Public,Orellel a ulaol. ,pau
Public,Ouklalo a tekoi.,pau
Public,Ousebus a medob.,pau
Public,Outet a delengcholk.,pau
Public,Outet a tekoi,pau
Public,Ralm toach,pau
Public,Rechiil,pau
Public,Rekil-ngebard,pau
Public,Rekil-ongos.,pau
Public,Rekung el daob otetechi a rekung el beluu.,pau
Public,Se el obutek a medak.,pau
Public,Sengall.,pau
Public,Te ko er a kila a deldalech.,pau
Public,Te menga a ekil.,pau
Public,Techel a miich.,pau
Public,Tekoi el cheliuis. ,pau
Public,Tekoi el kereker,pau
Public,Telib.,pau
Public,Teluo chural,pau
Public,Tia di ngii mak terrob ra Mekaeb,pau
Public,Tiuach.,pau
Public,Tuich el kelulau e loubuch er a ralm. ,pau
Public,Tuich el kelulau. ,pau
Public,Turturk medeomel.,pau
Public,Ultechakl. ,pau
Public,Ungil a eanged.,pau
Public,Yasaibune.,pau
Public,Ng ko er a imekurs el lak el meselsilek er a eolt e ng diak lourodech.,pau
Public,Ng ngar ngii a melebisech er a chutem e imiit,pau
Public,དཔྱད་རྩོམ་འདིའི་དམིགས་ཡུལ་ནི་ལྷ་སའི་ཁ་སྐད་ནང་གི་སྐུལ་འདེབས་ཀྱི་ངག་སྟོན་པའི་ཚིག་གི་དོན་དག་ཞིབ་ཕྲས་རྟག་དཔྱད་བྱེད་རྒྱུ་དེ་རེད།,bod
Public,དོན་དམ་དུ་འཛམ་གླིང་གི་སྐད་རིགས་དང་སྐད་རིགས་གཅིག་སོ་སོའི་ནང་སྐུལ་འདེབས་སྟོན་པའི་ཚིག་སྣ་ཚོགས་ཡོད་སྲིད་པ་ཡོངས་གྲགས་ཡིན་པ་,bod
Public,དང་། དེའི་དོན་དག་མི་འདྲ་བ་ཡོད་སྲིད་པ་དེའང་ཡོངས་གྲགས་རེད།,bod
Public, གིས་གསར་གཏོད་བྱས་པའི་སྐུལ་འདེབས་ཀྱི་དོན་དག་གི་མཚོན་རིས་ངོ་སྤྲོད་ཞུས་ནས་,bod
Public,ལྷ་སའི་ཁ་སྐད་ཀྱི་སྐུལ་འདེབས་ཀྱི་ངག་གིས་མཚོན་རིས་དེ་དབྱེ་བ་འབྱེ་སྟངས་ངོ་སྤྲོད་བྱེད་རྒྱུ་ཡིན།,bod
Public,རྩོམ་རིག་དེ་བཟོ་བཅོས་གནང་རོགས་དང་ཆེད་ལས་ཀྱི་ཐ་ཉད་བསྒྱུར་རོགས་གནང་བས་གུས་པས་དམིགས་བསལ་གྱིས་རྒན་ཆུང་ཚེ་རང་,bod
Public,ལགས་དང་རྒན་པད་མ་ལྷུན་གྲུབ་གཉིས་སུ་ཐུགས་རྗེ་གནང་ཞུ་ཡི་ཡོད། ནོར་འཕྲུལ་དང་མི་གསལ་བ་ཚང་མ་ནི་གུས་པས་བཟོས་པས་དགོངས་པ་ཞུ་ཡི་,bod
Public,སྤྱིར་བཏང་བྱས་ན། སྐུལ་འདེབས་ནི་དང་པོ་བསྟན་དོན་རིག་པ་དང་འབྲེལ་བ་ཡོད་པའི་ཐ་སྙད་ཅིག་ཡིན་པ་དང་། སྐུལ་འདེབས་ཀྱི་སྐད་ཆའམ་ཚིག་གྲུབ་,bod
Public,ནི་བྱ་བ་གཉིས་བར་དུ། རྒྱུ་འབྲས་ཀྱི་འབྲེལ་བ་ཡོད་པ་མཚོན་བྱེད་དུ་བེད་སྤྱོད་བྱེད་ཀྱི་རེད། རྒྱུ་འབྲས་ཀྱི་འབྲེལ་བ་ནི་,bod
Public,ལ་སྟུན་ཏེ་གཤམ་གྱི་ཆ་རྐྱེན་གསུམ་གྱིས་མཚོན་གྱི་ཡོད་པ་རེད།,bod
Public,༡༽ བྱ་བ་དེ ་གཉིས་ལ་་་འིའི་་་རིམ་ཡོད་པ་དང་།,bod
Public,༢༽ བྱ་བ་གཉིས་པ་འབྱུང་བར་བྱ་བ་དང་པོ་ངེས་པར་ད་ས།,bod
Public,༣༽ དེ་བཞིན་བྱ་བ་དང་པོ་བྱུང་ཚར་རྗེས། སྤྱིར་བཏང་བྱ་བ་གཉིས་པ་དེའང་འབྱུང་བ་ངེས་པ་གཏན་འཁེལ་ཡོད་པ་རེད། འོན་ཀྱང་ཚིག་གྲུབ་ནང་ལ་ཚིག་,bod
Public,གིས་གནས་སྟངས་ལྡོག་ཕྱོགས་ཀྱང་གསལ་བཟོ་སྲིད་ཀྱི་རེད། དེ་ནི་གྲུབ་འབྲས་མེད་པའམ་ཡོངས་སུ་མ་རྫོགས་པའི་སྐུལ་འཛབས་རེད།,bod
Public,འཛམ་གླིང་གི་སྐད་རིགས་མི་འདྲ་བའི་ནང་དུ་སྐུལ་འཛབས་བརྗོད་སྟངས་སྣ་ཚོགས་ཡོད་པ་དང་། སྐད་རིགས་གཅིག་དེ་ཉིད་ཀྱི་ནང་དུའང་སྐུལ་འདེབས་,bod
Public,བརྗོད་སྟངས་འདྲ་མི་འདྲ་ཡོད་སྲིད།དེ་བཞིན་དུ་ལྷ་སའི་ཁ་སྐད་ནང་དུ་དོན་དག་དེའི་བརྗོད་རྒྱུའི་ཆེད་དུ་ཚིག་ཕྲད་དམ། བརྒྱུད་པའི་བརྗོད་པ། བྱ་ཚིག་ཕལ་,bod
Public,བ་སོགས་བཀོལ་ན་ཆོག གཤམ་གྱི་དཔེ་བརྗོད་ནས་བར་ལྷ་སའི་ཁ་སྐད་ཀྱི་སྐུལ་འདེབས་ཀྱི་དོན་དག་སྟོན་པའི་ཚིག་གྲུབ་མི་འདྲ་བ་བཞི་བཞག་,bod
Public,ཚིག་གྲུབ་སྦྱོར་གྱི་ཕྱོགས་ནས་སྐུལ་འདེབས་ཀྱི་ངག་གི་མཚན་ཉིད་ནི་དེ་ལས་ཏོག་ཙམ་དམིགས་བསལ་ཡིན་ཏེ། སྤྱིར་བྱ་ཚིག་གིས་བསྟན་,bod
Public,པའི་བྱ་བར་མཉམ་ཞུགས་བྱེད་པའི་མི་སྣ་དང་དངོས་པོ་རྣམས་ཚིག་གྲུབ་ལ་མིང་ཚིག་གིས་མཚོན་པ་དང་། མིང་ཚིག་དེ་རྣམས་ཚིག་གྲུབ་ཀྱི་དོན་དག་ལ་,bod
Public,བལྟས་ནས་ཡོད་མེད་དང་དེ་རྣམས་ལ་རྣམ་དབྱེ་གང་སྦྱོར་དགོས་པ་དེ་གཙོས་བྱ་ཚིག་ཚིག་ལ་རག་ལས་པས། མིང་ཚིག་དེ་ཚོ་བྱ་ཚིག་ལ་བརྟེན་པའི་མིང་,bod
Public,དེ་བས་སྐུལ་འདེབས་ཀྱི་ངག་གི་ནུས་པ་ནི། ཚིག་གྲུབ་གཅིག་དེ་ཉིད་ཀྱི་ནང་དུ་ད་དུང་སྐུལ་པ་པོཟེར་བའི་བྱ་ཚིག་ལ་བརྟེན་པའི་མིང་ཚིག་,bod
Public,གསར་པ་ཞིག་སྣོན་སྤེལ་རྒྱག་ཐུབ་པའི་ཁྱད་ཆོས་ཤིག་ཡོད་རེད,bod
Public,། དཔེར་ན། གངས་བབས་དང་ཁོ་རང་གིས་གངས་བབས་བཅུག་པ་ལྟ་བུར་མཚོན་ན།,bod
Public,་་མར་བྱ་ཚིག་བབས་ལ་བརྟེན་པའི་མིང་ཚིག་གངས་མ་གཏོགས་མེད་པ་དང་། འི་མར་མིང་ཚིག་གངས་མ་ཟད་གངས་བབས་བཅུག་མཁན་ཀྱང་ཡོད་པ་,bod
Public,དེ་བྱ་ཚིག་གི་ནུས་པས་སྟོན་ཐུབ་ཀྱི་ཡོད།,bod
Public,དེ་ལྟར་ཡིན་པས་ཚིག་གྲུབ་སྦྱོར་ཚུལ་དང་འབྲེལ་བ་ཡོད་པའི་སྐུལ་འདེབས་ཀྱི་ངག་གི་མཚན་ཉིད་ལ་བརྟེན་ན། དཔེར་བརྗོད་ནས་བར་,bod
Public,གྱི་ནང་ནས་དང་མ་གཏོགས་སྐུལ་འདེབས་ཀྱི་ངག་ལ་རྩིས་ཀྱི་མ་རེད། དོན་དམ་དུ་་ང་གསལ་དཔེར་བརྗོད་དང་པའི་ནང་ལ་སྐུལ་པ་,bod
Public,པོ་དེ་ཚིག་གྲུབ་གཅིག་དེ་ཉིད་ཀྱི་ནང་ལ་ཤུགས་བསྟན་ནམ་བརྗོད་མེད་པར་། འབྲེལ་བ་ཡོད་པའི་ཚིག་གྲུབ་ཁག་ཁག་གཉིས་ནང་བརྗོད་ཡོད་པ་རེད།,bod
Public,དེའི་ལྡོག་ཕྱོགས་སུ་དཔེར་བརྗོད་དང་པའི ་ནང་ལ་ཚིག་གྲུབ་གཅིག་ལས་མེད་པ་དང་། རྗོད་ཚུལ་དེ་གཉིས་ཀྱིས་ཚིག་གྲུབ་ནང་ལ་སྐུལ་པ་པོ་ཐད་,bod
Public,ཀར་འཇུག་གི་རེད། དེ་བས་རྗོད་ཚུལ་དེ་གཉིས་དོན་དག་དང་བརྗོད་པ་སྒྲུབ་ཚུལ་ལ་བརྟེན་ནས་སྐུལ་འདེབས་ཀྱི་ངག་ལ་བརྩི་རྒྱུ་རེད།,bod
Public,ཚིག་གྲུབ་གཅིག་གི་ནང་ལ་བྱ་ཚིག་གཉིས་ཡོད་ནའང་ཚིག་གྲུབ་གཅིག་ལས་མེད་པ་དེར། སྐད་བརྡ་རིག་པས་ཁུངས་སྐྱེལ་སྣ་ཚོགས་ཡོད་པ་,bod
Public,དེ།དཔེར་ན་བྱ་ཚིག་ལ་བརྟེན་པའི་མིང་ཚིག་ཚོ་དུས་གཅིག་ལ་བྱ་ཚིག་དེ་གཉིས་ལ་བརྟེན་པས་སྐུལ་པ་པོ་ངེས་པར་བྱ་ཚིག་གཙོ་བོའི་སྔོན་དུ་སྦྱོར་དགོས་,bod
Public,པ་རེད་དེ། ཚིག་གྲུབ་དཔེ་བརྗོད་ལྟར་བཤད་ན་ཆོག་ནའང་། ལྟར་བཤད་མི་འགྲིག,bod
Public,ཚིག་གྲུབ་སྦྱོར་ཚུལ་གྱི་ཚོད་ལྟ་དེས་དཔེར་བརྗོད་པའི་ནང་དུ་སྐུལ་པ་པོའི་བརྟེན་ས་ནི་བྱ་ཚིག་« བཅུག་པ་ »ཁོ་ན་མིན་ལ། དུས་གཅིག་ལ་,bod
Public,བྱ་ཚིག་གཙོ་བོ་ « འགྲྲོ་བ་ »དང་བྱ་ཚིག་ཕལ་བ་« བཅུག་པ་ »ལ་བརྟེན་་པའི་ངངས་ལལ་རེད། དེའི་ལྡོག་ཕྱོགས་སུ་དཔེར་བརྗོད་ལྔ་པའི་ནང་སྐུལ་པ་,bod
Public,པོ་བྱ་ཚིག་གཙོ་བ་ « ལབ་པ »དང་སྐུལ་བ་མཚོན་པའི་བྱ་ཚིག་« སློབ་གསོ་བརྒྱབ་པ་ »བར་ལ་འཇོག་ཆོག་པ་དེས་སྐུལ་པ་པོའི་བརྟེན་སའི་བྱ་ཚིག་,bod
Public,« སློབ་གསོ་བརྒྱབ་པ་ »ཡིན་པ་གསལ་པོར་བཟོ་ཡི་ཡོད་པ་རེད།,bod
Public,ད་དུང་ཚིག་གྲུབ་གཅིག་ལས་མེད་ན་བྱ་ཚིག་དེ་གཉིས་བར་མང་མཐའ་ « རུ་ »འམ་ « པར་ » སོགས་མིང་མཐའ་དང་རྣམ་དབྱེ་མ་གཏོགས་,bod
Public,སྦྱོར་མི་སྲིད། སྐད་བརྡ་རིག་པས་ཁུངས་སྐྱེལ་གཞན་པ་འགའ་ཤས་ཡོད་ཀྱང་།,bod
Public,རྩོམ་ཡིག་གི་བརྗོད་གཞི་གཙོ་བོ་སྐུལ་འདེབས་ཀྱི་ནང་དོན་ཡིན་སྟབས་དེ་,bod
Public,ལས་ལྷག་པའི་ཞིབ་ཕྲའི་འགྲེལ་བཤད་བརྒྱག་རྒྱུ་མིན།,bod
Public,སྔོན་དུ་གསལ་བཤད་བྱས་པའི་མཚན་ཉིད་ཁག་དེ་གཉིས་ལ་ཞིབ་འཇུག་བྱས་ན། ལྷ་སའི་ཁ་སྐད་ལ་ཁྱོན་སྡོམ་སྐུལ་འདེབས་ཀྱི་ངག་བརྗོད་,bod
Public,་ང་གསལ་དཔེར་བརྗོད་དང་བར་དུ་དོན་དག་གི་ཁྱད་པར་ནི་བྱེད་འབྲེལ་ཡིན ་དང་མིན་གྱི་བྱ་ཚིག་ཡིན་པ་མ་ཟད། བྱ་ཚིག་གི་དག་,bod
Public,ཆའི་ཁྱད་པར་ཡང་ཡོད་པ་རེད། དེ་བས་སྐུལ་འདེབས་བརྗོད་ཚུལ་ཡིན་མིན་གྱི་གནད་འགག་ཅིག་ནི་ཚིག་གྲུབ་སྦྱོར་ཚུལ་ཡིན་ཏེ་དག་ཆའི་ཁྱད་པར་འདི་,bod
Public,ཡིན་པར་བརྩིས་ན་ཆོག་ཅིང་། དེ་ནི་སྒྲ་དོན་ཉེ་བའི་བྱེད་འབྲེལ་བྱེད་མེད་ཀྱི་བྱ་ཚིག་སྐུལ་འདེབས་ཀྱི་ངག་བརྗོད་ཚུལ་དང་པོ་རེད། ལྷ་སའི་ཁ་སྐད་ནང་དུ་དེ་,bod
Public,སྟར་གྱི་བྱེད་འབྲེལ་ཡིན་པའི་བྱ་ཚིག་ཉི་ཤུ་ལྷག་ཙམ་མ་གཏོགས་མེད་པ་དང་སྐུལ་འདེབས་བརྗོད་སྟངས་འདི་བེད་སྤྱོད་བྱས་ནས་བྱ་ཚིག་གསར་་པ་བཟོ་མ་,bod
Public,ཐུབ་པས་དེང་རབས་ཀྱི་ལྷ་སའི་ཁ་སྐད་ནང་དུ་ཐོན་ལད་ཡོད་པ་མ་རེད།,bod
Public,་ང་གི་དཔེར་བརྗོད་པའི་ནང་དུ་བྱ་ཚིག་ཕལ་བ་« བཅུག་པ་ »གིས་དོན་དག་གི་ཕྱོགས་ནས་སྐུལ་འདེབས་མཚོན་གྱི་ཡོད་པ་རེད། ད་དུང་,bod
Public,ཚིག་གྲུབ་སྦྱོར་ཚུལ་གྱི་ཕྱོགས་ནས་སྐུལ་པ་པོ་སྣོན་སྤེལ་བརྒྱག་རྒྱུའི་ནུས་པ་ཡོད་པ་བསྟན་ཚར་པ་རེད། དེ་བས་བྱ་ཚིག་ཕལ་བ་དེ་སྐུལ་འདེབས་སྟོན་པའི་,bod
Public,ཚིག་གཉིས་པ་དེརེད།,bod
Public,དེ་བཞིན་གཤམ་གྱི་དཔེར་བརྗོད་ནང་གི་བྱ་ཚིག་ཕལ་བ་« བཏང་བ་ »ནི་མཚན་ཉིད་དེ་གཉིས་ལ་མཐུན་པས་སྐུལ་འདེབས་སྟོན་པའི་,bod
Public,ཚིག་གསུམ་པ་དེ་རེད།,bod
Public,བརྗོད་སྟངས་དེ་ཐོག་མར་ཞིབ་འཇུག་འདི་བྱེད་རྒྱུའི་ཕྱོགས་བསྡུད་བྱས་པའི་བརྗོད་སྟངས་ནང་ནས་དོན་པ་དང་སྐུལ་འདེབས་ཀྱི་མཚན་ཉིད་ལ་,bod
Public,མཐུན་མདོག་ཁ་པོ་ཡིན་པས་སྐུལ་འདེབས་ཀྱི་བརྗོད་སྟངས་ལ་བརྩིས་པ་ཡིན། འོན་ཀྱང་བརྗོད་སྟངས་གཞན་པར་བསྡུར་ན་ནང་དོན་གྱི་ཁྱད་ཆོས་ཡོད་པ་,bod
Public,བསྟན་རྒྱུ་ཡིན། ད་དུང་་འཛམ་གླིང་གི་སྐད་རིགས་འགྲྲོ་སྟངས་ལ་བརྟེན་ན་སྐུལ་འདེབས་ལས་བྱ་ཚིག་ལ་བརྟེན་པའི་མིང་ཚིག་མང་རུ་གཏང་རྒྱུའི་ཐབས་,bod
Public,ཤེས་རིགས་གཞན་པར་བརྩིས་ནས་བརྟག་དཔྱད་བྱས་ན་བརྗོད་སྟངས་དེའི་དོན་དག་གི་ཁྱད་ཆོས་དང་འགྲྲོ་སྟངས་དེ་ལས་གསལ་པོར་བཟོ་ཐུབ་ཀྱི་ཡོད་པ་,bod
Public,རེད། གང་ལྟར་ཐོག་མར་སྐུལ་འདེབས་བརྗོད་སྟངས་གཞན་པའི་དོན་དག་དང་བསྡུར་ནས་ཁྱད་ཆོས་དེ་དག་གང་ཡིན་པ་མངོནངསལ་བཟོ་གི་ཡིན།,bod
Public,་ང་དུ་ངོ་སྤྲོད་བྱས་པའི་སྐུལ་འདེབས་བརྗོད་ཚུལ་ལྔའི་ནང་ནས་དང་པོའམ་ཕན་ཚུན་སྒྲ་དོན་ཉེ ་བའི་བྱེད་འབྲེལ་བྱེད་མེད་ཀྱི་བྱ་ཚིག་ནི། དེང་སང་,bod
Public,གི་ལྷ་སའི་ཁ་སྐད་ནང་ལ་ཁ་ཤས་མ་གཏོགས་མེད་ཙང་གཙོ་བོ་སྐུལ་འདེབས་ཀྱི་བརྗོད་ཚུལ་གཞན་པའི་སྐོར་ཞུ་རྒྱུ་ཡིན།,bod
Public,ཚིག་གྲུབ་སྦྱོར་ཚུལ་ལ་བརྟེན ་ནས་སྐུལ་འདེབས་སྟོན་པའི་ཚིག་དོན་དག་སྣ་ཚོགས་ཡོད་སྲིད་པ་དང་། དེ ་ཡང་སྤྱིར་བཏང་སྐུལ་འདེབས་ཀྱི་དོན་དག་,bod
Public,ཁག་མཚོན་རྟགས་ཀྱི་རིམ་པའི་ཐོག་ནས་མཚོན་པ་བྱེད་ཐུབ་ཀྱི་རེད། ནང་དོན་གྱི་མཚོན་རིམ་དེས་སྐུལ་པ་པོའམ་ལས་ཀ་བྱེད་དུ་འཇུག་མཁན་དང་སྐུལ་,bod
Public,སའམ་ལས་ཀ་བྱེད་མཁན་གྱིས་བྱ་བར་ཞུགས་ཚད་སྟོན་གྱི་ཡོད་རེད། དེ་ཡིན་ཙང་སྐད་རིགས་གཅིག་གི་ནང་ལ་སྐུལ་འདེབས་སྟོན་པའི་ཚིག་གཅིག་ལས་,bod
Public,མང་བ་ཡོད་ན། ཚིག་དེ་ཚོའི་ནང་དོན་ནི་གཅིག་པ་མིན་པ་དང་། མཚོན་རིམ་དེ་ལ་བརྟེན་ནས་དབྱེ་བ་འབྱེད་ཐུབ་ཀྱི་རེད། ད་དུང་སྐད་རིགས་རེ་རེར་སྐུལ་,bod
Public,འདེབས་སྟོན་པའི་ཚིག་གྱི་མང་ཉུང་འདྲ་མི་འདྲ་ཡོད་པ་མ་ཟད། སྐད་རིགས་སོ་སོའི ་ཁྱད་ཆོས་དང་བནན་ནས་མཚོན་རིམ་དབྱེ་བ་འབྱེད་སྟངས་མི་འདྲ་,bod
Public,བ་ཡོད་རེད།,bod
Public,དང་པོ་སྐུལ་འདེབས་སྟོན་པའི་ཚིག་གི་ནང་དོན་མཚོན་རིམ་གྱི་སྣེ་གཉིས་ངོ་སྤྲོད་ཞུ་ཀྱི་ཡིན། བརྡ་སྤྲོད་ཀྱི་གནད་འགག་གསལ་པོ་བཟོ་ཆེད་དུ་,bod
Public,སྣེ་གཉིས་ཞེས་དབྱེ་བ་ཕྱེ་ཡོད་ཀྱང་། ལག་ལེན་དངོས་ནང་དེ་འདྲའི་ཁྱད་པར་གསལ་པོ་ཡོད་མེད་གཏན་འཁེལ་མེད་པ་དང་སྐད་རིགས་སོ་སོའི་ཁྱད་ཆོས་,bod
Public,ལ་རག་ལས་ཀྱི་ཡོད་པ་རེད།,bod
Public,མཚོན་རིམ་གྱི་སྣེ་གཅིག་ལ་ཐད་ཀར་ཡིན་པའི་སྐུལ་འདེབས་སྟོན་པའི་ཚིག་ཡོད་པ་རེད་དེ། ཚིག་དེ་ལྟར་བེད་སྤྱོད་བཏང་ན་བྱ་བར་,bod
Public,སྐུལ་དུས། སྐུལ་པ་པོས་ཐད་ཀར་དང་དངོས་སུ་སྐུལ་པའི་བྱ་བར་ཞུགས་སྟབས། སྐུལ་པ་པོ་དང་བྱ་ཚིག་གཙོ་བོས་མཚོན་པའི་བྱ་བ་སྒྲུབ་མཁན་གྱི་སྐུལ་,bod
Public,སའི་གང་ཟག་དེ་གཉིས་བར་ལ་སྤྱིར་བཏང་དུས་ཡུན་དང་ས་ཆའི་བར་ཁྱད་མེད་པ་དང་། བྱ་བ་སྒྲུབ་དུས་བྱ་བ་སྒྲུབ་མ་སྒྲུབ་གྱི་དབང་ཆ་ནི་གཙོ་བོར་སྐུལ་པ་,bod
Public,མཚོན་རིམ་གྱི་སྣེ་གཞན་པར་དེའི་ལྡོག་ཕྱོགས་སུ་ཐད་ཀར་མིན་པའི་སྐུལ་འདེབས་སྟོན་པའི་ཚིག་ཡོད་པ་རེད། ཚིག་དེ་དག་གིས་,bod
Public,སྐུལ་པ་པོ་དང་སྐུལ་སའི་གང་ཟག་དེ་གཉིས་བར་དུ་དུས་ཚོད་དང་ས་ཆའི་བར་ཁྱད་ཡོད་པ་དང་། བྱ་བ་སྒྲུབ་མ་སྒྲུབ་ཀྱི་དབང་ཆ་ནི་གཙོ་བོར་སྐུལ་སའི་གང་,bod
Public,ཟག་ལ་ཡོད ་པའི་གནས་ཚུལ་སྟོན་གྱི་ཡོད་པ་རེད།,bod
Public,གིས་བསྟན་པ་ལྟར། ཐད་ཀར་དང་ཐད་ཀར་མ་ཡིན་པའི་སྐུལ་འདེབས་མཚོན་པའི་མཚོན་རིམ་ལ་ད་དུང་དབྱེ་བ་འབྱེད་,bod
Public,སྲིད་དེ། སྐུལ་པ་པོས་བྱ་བར་འཇུག་ཚུལ་དང་བནན་ནས་དབྱེ་བ་གསུམ་འབྱེད་ཀྱི་ཡོད་པ་རེད།,bod
Public,དང་པོ་ནི་ལྟ་རྟོག་ཟེར་བ་དེ་ཡིན། དེ་ནི་ཐད་ཀར་མིན་པའི་སྐུལ་འདེབས་སྟོན་པའི་ཚིག་དང་འདྲ་པོ་ཡོད་དེ། སྐུལ་པ་པོས་ཐད་ཀར་,bod
Public,སྒྲུབ་པའི་བྱ་བར་མ་ཞུགས་ཀྱང་། བྱ་བ་སྒྲུབ་དུས་སྐུལ་པ་པོ་སྐུལ་སའི་གང་ཟག་དང་མཉམ་དུ་ལྟ་རྟོག་བྱེད་བཞིན་་སྡོད་ཀྱི་ཡོད་པ་རེད། མདོར་སྐུལ་,bod
Public,སྟངས་ཐད་ཀར་མིན་ནའང་བྱ་བ་སྐུལ་བ་དང་བྱ་བ་སྒྲུབ་པའི་བར་ལ་དུས་དང་གནས་དང་བྱེད་སྟངས་ཀྱི་ཐོག་ནས་ཐད་ཀར་རང་རེད།,bod
Public,གཉིས་པ་ནི། དེ་ལས་ཏོག་ཙམ་ཐད་ཀར་ཡིན་པ་རོགས་པ་ཟེར་བ་དེ་རེད། དེར་སྐུལ་པ་པོས་སྐུལ་སའི་གང་ཟག་ལ་རོགས་པ་བྱས་,bod
Public,ནས་བསྐུལ་པའི་བྱ་བའི་ནང་དུ་དངོས་སུ་ཞུགས་ཀྱི་ཡོད་ཀྱང་། བྱ་བ་སྒྲུབ་མ་སྒྲུབ་ཀྱི་དབང་ཆ་ནི་སྐུལ་སའི་གང་ཟག་ལ་ཡོད་པ་རེད།,bod
Public,གསུམ་པ་ནི། སྐུལ་འདེབས་ཐད་ཀར་དང་ཧ་ལམ་འདྲ་པོ་ཡིན་པ་མཉམ་འབྲེལ་གྱི་བྱ་བ་ཟེར་བ་དེ་རེད། ཐ་སྙད་རང་ནས་་་ཐུབ་,bod
Public,པ་ལྟར་མཉམ་འབྲེལ་གྱི་བྱ་བ་ཟེར་བའི་སྐུལ་འདེབས་སྟོན་པའི ་ཚིག་གིས། སྐུལ་པ་པོས་ཀྱང་སྐུལ་སའི་གང་ཟག་དང་མཉམ་དུ་དུས་གཅིག་ལ་བྱ་བ་,bod
Public,གཅིག་པ་སྒྲུབ་པའི་གནས་ཚུལ་ཅིག་མཚོན་ཀྱི་ཡོད་པ་རེད། ,bod
Public,དཔེར་བརྗོད ་པ་ལ་བལྟས་ན་བྱེད་འབྲེལ་ཡོད་པའི་བྱ་ཚིག་ནི་ཚིག་གྲོགས་« རོགས་+བྱེད་པ་ »ལས་ཐད་ཀར་མ་ཡིན་པའི་སྐུལ་འདེབས་,bod
Public,མཚོན་རྒྱུར་ཏོག་ཙམ་རན་པ་ཡོད་པ་རེད། འོན་ཀྱང་སྔོན་ལ་ཞུས་ཟྱིན་པ་ལྟར་དེང་རབས་ཀྱི་ལྷ་སའི་ཁ་སྐད་ནང་ལ་སྒྲ་དོན་ཉེ་བའི་བྱེད་འབྲེལ་བྱེད་མེད་ཀྱི་བྱ་,bod
Public,ཚིག་ཉུང་ཤས་ལས་མེད་པ་དང་། དེའི་རིགས་ཀྱི་བྱ་ཚིག་གསར་པ་བཟོ་མི་སྲིད་ཙང་། བྱ་ཚིག་དེ་ཚོར་སོ་སོའི་སྐུལ་འདེབས་ཀྱི་དོན་དག་འདྲ་པོ་མ་ཡིན་,bod
Public,པ་ཡང་ཡོད་སྲིད།དེར་བརྟེན་སྐུལ་འདེབས་སྟོན་པའི་ཚིག་གྲོགས་ཀྱི་ལྡོག་ཕྱོགས་སུ་དེ་ཚོའི་དོན་དག་སྐོར་སྤྱི་འགྲོས་ཀྱི་ཐོག་ནས་བཤད་ཁག་,bod
Public,རེད། གང་ལྟར་་ང་གསལ་སྐུལ་འདེབས་ཀྱི་ཚིག་གཉིས་ཀྱིས་ཐད་ཀར་མ་ཡིན་པའི་སྐུལ་འདེབས་མཚོན་མ་ཐུབ་པ་དང་། སྐུལ་འདེབས་སྟོན་པའི་,bod
Public,ཚིག་གཞན་པས་ཐད་ཀར་མ་ཡིན ་པའི་སྐུལ་འདེབས་མཚོན་ཐུབ་ནའང་། ཐད་ཀར་ཡིན་པའི་སྐུལ་འདེབས་མཚོན་ཐུབ་མ་ཐུབ་བརྟག་དཔྱད་བྱེད་ད་ས།,bod
Public,དེའི་འིར་ད་ལྟ་སྐུལ་པ་པོས་སྐུལ་པའི་བྱ་བར་འཇུག་ཚད་བརྟག་དཔྱད་བྱེད་རྒྱུ་ཡིན།,bod
Public,དང་པོར་སྐུལ་པ་པོས་དངོས་འབྲེལ་གྱིས་སྐུལ་པའི་བྱ་བར་ཞུགས་པའམ། ཕྱོགས་གཞན་ནས་བཤད་ན་སྐུལ་པ་པོས་སྐུལ་སའི་མི་མཉམ་དུ་,bod
Public,སྐུལ་པའི་བྱ་བ་སྒྲུབ་ན་ཆོག་མི་ཆོག་རྟག་དཔྱད་བྱེད་རྒྱུ་ཡིན། དཔེར་བརྗོད་པས་བསྟན་པ་ལྟར། སྐུལ་འདེབས་ཀྱི་བྱ་ཚིག་ཕལ་བ་«བཏང་བ་»དེ་,bod
Public,ལྟར་གྱི་གནས་སྟངས་དང་སྦྲེལ་ནས་སྤྱོད་མི་སྲིད། དེའི་ལྡོག་ཕྱོགས་སུ་སྐུལ་འདེབས་སྟོན་པའི་ཚིག་གཞན་པར་ཨང་ཀི་བཞི་པའམ་ལྔ་པ་ཐོབ་ཙང་,bod
Public,རོགས་པའི་སྐུལ་འདེབས་མཚོན་ཐུབ་སྲིད་པའི་རྟགས་རེད།,bod
Public,ཤོག་སྲོག་ཅན་རྣམས་ཐམས་ཅད་ཡོད་ལ་གནས་འདུག་གིས་ཡོངས་སུ་གཅེས་པར་འཛིན་པའི་དགེ་འདུན་གྱི་སྐྱོབ་ལ་བརྟེན་ནས་ཉེས་པ་སྤངས་པའི་སྒྲིག་ཆས་ཀྱི་ཁྱད་ཆོས་ཅན་དུ་གྱུར་ཅིག,bod
Public,བོད་ཡིག་གི་སྒྲིག་ཆས་འདི་ཉིད་ཀྱིས་ཤོག་སྲོག་ཅན་རྣམས་ཐམས་ཅད་ལ་གནས་འདུག་གིས་ཡོངས་སུ་གཅེས་པར་འཛིན་པའི་དགེ་འདུན་གྱི་སྐྱོབ་ལ་བརྟེན་ནས་ཉེས་པ་སྤངས་པའི་སྒྲིག་ཆས་ཀྱི་ཁྱད་ཆོས་ཅན་དུ་གྱུར་ཅིག,bod
Public,ཤོག་སྲོག་ཅན་རྣམས་ཐམས་ཅད་ཡོད་ལ་གནས་འདུག་གིས་ཡོངས་སུ་གཅེས་པར་འཛིན་པའི་དགེ་འདུན་གྱི་སྐྱོབ་ལ་བརྟེན་ནས་ཉེས་པ་སྤངས་པའི་སྒྲིག་ཆས་ཀྱི་ཁྱད་ཆོས་ཅན་དུ་གྱུར་ཅིག,bod
Public,བོད་ཡིག་གི་སྒྲིག་ཆས་འདི་ཉིད་ཀྱིས་ཤོག་སྲོག་ཅན་རྣམས་ཐམས་ཅད་ལ་གནས་འདུག་གིས་ཡོངས་སུ་གཅེས་པར་འཛིན་པའི་དགེ་འདུན་གྱི་སྐྱོབ་ལ་བརྟེན་ནས་ཉེས་པ་སྤངས་པའི་སྒྲིག་ཆས་ཀྱི་ཁྱད་ཆོས་ཅན་དུ་གྱུར་ཅིག,bod
Public,ཤོག་སྲོག་ཅན་རྣམས་ཐམས་ཅད་ཡོད་ལ་གནས་འདུག་གིས་ཡོངས་སུ་གཅེས་པར་འཛིན་པའི་དགེ་འདུན་གྱི་སྐྱོབ་ལ་བརྟེན་ནས་ཉེས་པ་སྤངས་པའི་སྒྲིག་ཆས་ཀྱི་ཁྱད་ཆོས་ཅན་དུ་གྱུར་ཅིག,bod
Public,བོད་ཡིག་གི་སྒྲིག་ཆས་འདི་ཉིད་ཀྱིས་ཤོག་སྲོག་ཅན་རྣམས་ཐམས་ཅད་ལ་གནས་འདུག་གིས་ཡོངས་སུ་གཅེས་པར་འཛིན་པའི་དགེ་འདུན་གྱི་སྐྱོབ་ལ་བརྟེན་ནས་ཉེས་པ་སྤངས་པའི་སྒྲིག་ཆས་ཀྱི་ཁྱད་ཆོས་ཅན་དུ་གྱུར་ཅིག,bod
Public,ཤོག་སྲོག་ཅན་རྣམས་ཐམས་ཅད་ཡོད་ལ་གནས་འདུག་གིས་ཡོངས་སུ་གཅེས་པར་འཛིན་པའི་དགེ་འདུན་གྱི་སྐྱོབ་ལ་བརྟེན་ནས་ཉེས་པ་སྤངས་པའི་སྒྲིག་ཆས་ཀྱི་ཁྱད་ཆོས་ཅན་དུ་གྱུར་ཅིག,bod
Public,བོད་ཡིག་གི་སྒྲིག་ཆས་འདི་ཉིད་ཀྱིས་ཤོག་སྲོག་ཅན་རྣམས་ཐམས་ཅད་ལ་གནས་འདུག་གིས་ཡོངས་སུ་གཅེས་པར་འཛིན་པའི་དགེ་འདུན་གྱི་སྐྱོབ་ལ་བརྟེན་ནས་ཉེས་པ་སྤངས་པའི་སྒྲིག་ཆས་ཀྱི་ཁྱད་ཆོས་ཅན་དུ་གྱུར་ཅིག,bod
Public,ཤོག་སྲོག་ཅན་རྣམས་ཐམས་ཅད་ཡོད་ལ་གནས་འདུག་གིས་ཡོངས་སུ་གཅེས་པར་འཛིན་པའི་དགེ་འདུན་གྱི་སྐྱོབ་ལ་བརྟེན་ནས་ཉེས་པ་སྤངས་པའི་སྒྲིག་ཆས་ཀྱི་ཁྱད་ཆོས་ཅན་དུ་གྱུར་ཅིག,bod
Public,བོད་ཡིག་གི་སྒྲིག་ཆས་འདི་ཉིད་ཀྱིས་ཤོག་སྲོག་ཅན་རྣམས་ཐམས་ཅད་ལ་གནས་འདུག་གིས་ཡོངས་སུ་གཅེས་པར་འཛིན་པའི་དགེ་འདུན་གྱི་སྐྱོབ་ལ་བརྟེན་ནས་ཉེས་པ་སྤངས་པའི་སྒྲིག་ཆས་ཀྱི་ཁྱད་ཆོས་ཅན་དུ་གྱུར་ཅིག,bod
Public,isije 3 bene Mawu bo hiowe ke zugba a je d be su potee ko; e foD si gu Diblii kpii ha muo voo ke e mi nyu babauu o nya ne Mawu mumi o« nge si bolee nge nyu o he mi.,ada
Public,"Keke ne Mawu fa ke ""La ne ba""; ne la ba.",ada
Public,'♦Mawu na la a ne la a muo e he.,ada
Public,Lo o se o Mawu je la a ke je diblii o he.,ada
Public,E wo la a bie,ada
Public,"ke ""Piani"" ne e tse diblii o ke ""Nyo.",ada
Public,Ne je jo ne je na; ne e pee kekleekle ligbi.,ada
Public,"Ene o se o Mawu fa ke ""No ko ne ba ne e ba gba nyu o mi enyo"".",ada
Public,Ne e ba mi ja.,ada
Public,Keke ne Mawu pee no ko ke gba nyu o mi; nyu o fa ba je no o sisi ne fa ba je e yi mi.,ada
Public,"Mawu wo no o bie ke ""Hiowe"".",ada
Public,Ne je jo ne je na; ne e pee ligbi ne ji enyo.,ada
Public,"Ene o se o Mawu fa ke ""Nyu o ne nge hiowe o sisi o ne bua e he nya nge he kake kone zugba gbigbli ne je kpo.",ada
Public,Ne e ba mi ja.,ada
Public,"Mawu wo he ne gbH d bie ke ""Zugba"" ne nyu o ne bua e he nya a e tse le ke ""Wo"".",ada
Public,Mawu na ne e muD e he.,ada
Public,"'Jehane Mawu fa ke ""Tso sbotosloDtohi ne a pue nge zugba a no: tsohi ne woo ngma loo wu ke ni neme",ada
Public,ne woo yibHi.,ada
Public,Ne e ba mi ja.,ada
Public,Ba ke tso slootoslootohi pue nge zugba a no eko tsuaa eko ke e yiblii.,ada
Public,Mawu na ni ne ome ne a muo e he.,ada
Public,'Ne je jo ne je na; ne e pee Hgbi ne ji ete.,ada
Public,"Ene se Mawu fa ke ""Kanehi ne a ba hiowe kone a ke na slooto nge piani ke nyo a kpeti ne a tsoo jeha mi gbamihi jehahi ke be ne a ke yeo nyami ligbihi potee kome.",ada
Public,Kane ome ne a tso nge hiowe ne a la a ne kpe ke hye zugba a no.,ada
Public,Ne e ba mi ja.,ada
Public,Mawu pee kane ngua enyo: e pee kane ne tsoo wawee pe kulaa a ne e ye piani no ke kaketse hu ne e ye nyo no.,ada
Public,E pee dodoehi hub.,ada
Public,1*Mawu ngo kane ome ngo to hiowe kone a tso ke hye zugba a no ne a ye piani ke nyo a no ne a gba la ke diblii a mi.,ada
Public,Mawu na ni ne ome ne a muo e he.,ada
Public,'Ne je jo ne je na; ne e pee ligbi ne ji eywie.,ada
Public,"Jehane Mawu fa ke ""Nyu ne wo lo slootoslootohi babauu ne lohwe pelitseme ne a hi tee nge hiowe.",ada
Public,Keke ne Mawu bo wo mi lohwe nguanguahi pa mi lo munomunohi ke lohwe pelitse slootoslootohi.,ada
Public,Mawu na ni ne ome ne a muo e he.,ada
Public,"Mawu gbaa me ne e de ke ""Nye fo babauu ne nye he ne hie; nye hyi wo mi kone lohwe pelitseme hu ne a hie babauu nge zugba a no.",ada
Public,sjsjg je jo ne je na; ne e pee ligbi ne ji enuo.,ada
Public,"Ene se 0 Mawu fa ke ""Lohwe slootoslootohi ne a ba zugba a no: we mi lohwehi ke pu mi lohwehi lohwe agboagbohi ke lohwe wawihi.",ada
Public,Mawu bo lohwe tsuaa lohwe: pu mi lohwehi we mi lohwehi ke ni neme ne saa si.,ada
Public,Mawu na ni ne ome tsuo ne a muo e he.,ada
Public,"Mawu de ke ""Jehane lee nye ha ne waa pee nomlo adesa; a maa hi kaa bo ne wa nge 0 ne a maa je v/o.",ada
Public,A maa ye lo ome lohwe pelitseme ome we mi lohwe ome pu mi lohwe ome ke ni neme ne saa si nge zugba a tsuo a no.,ada
Public,Keke ne Mawu bo nomlo ne e pee le kaa bo ne le nitse e nge 0; e bo nyumu ke yo.,ada
Public,"Mawu gbaa me ne e de me ke ""Nye fo babauu ne nyee hie; nye hyi zugba a no tsuo ne nyee ye zugba a tsuo no.",ada
Public,Nyee ye lo ome lohwe pelitseme ome ke zugba a no lohwe ome tsuo a no.,ada
Public,"E ya no ne e de ke ""I ngo tsohi kulaa ne woo ngma loo wu ke ni neme ne woo yiblii nge zugba a no ngo ha nye ne nyee ye.",ada
Public,o Se pu mi lohwe ome.,ada
Public,lohwe pelitseme ome ni neme ne saa si nge zugba a no ke lohwe kpa ame tsuo lee i ha me nga ne a kpe ke ba mumu ne a ye.,ada
Public,i Mawu na no tsuaa no ne e pee o ne a muo e he saminya.,ada
Public,Ne je jo ne je na; ne e pee ligbi ne ji ekpa.,ada
Public,Bo ne Mawu pee ne e ke bo hiowe ke zugba ke no tsuaa no ne nge je o mi ji ne o ne.,ada
Public,Mawu tsu ni ligbi ekpa ne ligbi ne ji kpaago o e joo e he.,ada
Public,E gbaa ligbi ne ji kpaago o ne e pee le ligbi klouklou; jame a ligbi o ne e bo je o gbe nya ne e joo e he ejakaa ni tsumi ne e tsu ke bo je 0 e gbe nya.,ada
Public,"Sane ne o gbaa wo bo ne Yawe Mawu bo je o.,ada
Ngmo 3 ne nge Eden o,ada
Bene Yawe Mawu bo je o tso ko tso ko be zugba a no ne nga ko hu pue nge no; ejakaa e ha we ne hiomi ne ne ngo pue zugba a no lolo; ne no ko hu be ne nge zugba a no hue.,ada
Se ke pee o nyu jeo zugba a mi ke ba poo zugba a he mi tsuo.,ada
Jame a be o mi o Yawe Mawu ngo zugba zu ke pue nomlo ne e mu mumi ne haa no wami ngo wo nomlo gugwo puo mi; ne nomlo pee adesa hengmengmletse.,ada
Yawe Mawu pee ngmo ko nge Eden nge beleku je ne leje o e ngo nomlo ne e pue ngo to.,ada
E ha tso slootoslootohi pue nge ngmo o mi: tsohi ne nge feu ke ni neme ne woo yiblii ne a yeo.,ada
Tso ne haa no wami ke tso ne haa no leo kpakpa ke yayami maa si nge ngmo o kpeti tutuutu.,ada
10 Pa ko je Eden ke ba gu ngmo o mi ne e haa ngmo o nyu.,ada
Ke je leje o pa a gba koni ejrwie.""",ada
Public,'A tsee kekleekle koni ke Pishon.,ada
Public,Le ji pa ne bole Havila zugba a tsuo he ne a naa sika tsu nge o.,ada
Public,a naa sika tsu ngmingmiingmi nu ke e he via ke tehi ne a he jua wa nge leje o.,ada
Public,Koo ye jame a tso o yiblii; ligbi ne o maa ye eko 0 o ma gbo.,ada
Public,"Ene o se o Yawe Mawu de ke ""E hi kaa nyumu o no kake too ne hi si; ma ha le he pielo ne sa le.",ada
Public, i-o Yawe Mawu de no ne o ejakaa bene e ngo zugba zu ke pue je ne mi lohwe ome tsuo gbe nya a ekoeko be ne sa nomlo kaa e he pielo.,ada
Public,Nomlo o wo lohwe ome tsuo bie: we mi lohwehi pu mi lohwehi ke lohwe pelitseme.,ada
Public,Bo tsuaa bo ne e tse eko o ja pee e bie.,ada
Public,Se le nomlo o nitse lee a na we he pielo ne sa ha le lolo.,ada
Public,Lo he 0 Yawe Mawu ha mahe vii ko ba no nyumu o no ne bene e nge mahe o mi ke mwoo o Mawu je nyumu kasa wu kake ne e ke he lo tsi leje o.,ada
Public,Yawe Mawu ngo kasa wu o ne e je nge nyumu o he o ke pee yo ne e ngo le ba ha nyumu o.,ada
Public,"Chee! Jehane lee i na ye heno tutuutu: imi nitse ye muo ji ne o ne.,ada
A je le ke je nyumu mi; a ma tse le yo.,ada
Ene he je ne nyumu sio e tse ke e nye ne e ngoo e he ya metee e yo he ne a peeo no kake o ne.,ada
Nyumu o ke e yo o tsuo hee a he gu se zo pee we me.,ada
Nga mi lohwehi tsuo ne Yawe Mawu pee 0 sino ji gatse pe me tsuo.,ada
Sino bi yo ke Ane Mawu de nye niine ke tso ome ne nge ngmo o mi o nye ko ye ekoeko no yiblii lo?""",ada
Public,"Yo he no ke ""Wa ma nye maa ye tso yiblii tsuaa tso yiblii ja tso o ne nge ngmo kpeti tutuutu o pe.",ada
Public,Mawu ke wa ko ye jame a tso o yiblii ne wa ko ta he hub; ke wa pee ja a wa ma gbo.,ada
Public,"Sino de le ke ""Oo nye be gboe! 5 Mawu de ja ejakaa e le kaa ke nye ye jame a tso o yiblii o nye hengme ma bli ne nye maa hi kaa le Mawu o nitse; nye maa le kpakpa ke yayami.",ada
Public,Yo na kaa tso o nge feu; e na kaa tso yiblii o maa ngo ne e ma ha ne no maa le ni.,ada
Public,Lo o he o e tso eko ne e ye ne e ha e huno o hu eko ne e ye.,ada
Public,"Bene a ye tso yiblii o pe ne me ni enyo ome tsuo a na anokuale o; a na kaa a hee a he gu ne a kpe ba ke pee bo ne a ke ha a mle mi.,ada
Gintuha han Dyos an Bug-os nga  Kalibutan  bunga — ngan natuman ini.",war
Public,Sanglit tinmurok ha tuna an magkalainlain  nga mga tanom ngan nalipay an Dyos  Ha tinikangan han pagtuha han han iya hinkit-an Linmabay an Dyos han bug-os nga kalibutan ug kagab-ihon ngan inmabot an aga han mga butang ha kalangitan slu amo adto an ikatulo nga adlaw.,war
Public,Niyan nagsirin  an  Dyos  sulod nga bisan ano nga butang.,war
Public,"Putos ""Magpakita didto ha langit in mga  hin  kasisidman an mabalod nga suga nga maglalain han adlaw ug han  kalalawdan ngatanan ng  nakalukop  han  gab-i ngan amo an panigamnan han  mg  butang ngan pagtikang han mga adlaw mga tuig.",war
Public,Dyos.,war
Public,"Njyan nagsiring masiga ini hira didto ha langit basi an Dyos ""Magkamay-ada kapawa"" makahatag ha tuna hin kapawa  »»  ngan Nalipay  pinmakita  an  kapawa.",war
Public,"Sanglit ginhimo  han Dyos an duha nga dagko nga mga  suga; an usa nga dako nga suga maghahatag hin kapawa ha bug-os nga  Dyos han iya hinkit-s Ngan ginlain niya han kasisidman kapawa ngan ginngaranan niya n ""Adlaw"" an kapawa ug ""Gab-i"" an adlaw ngan an ikaduha nga suga ha kasisidman.",war
Public,Linmabay an kagab-ihon bug-os nga gab-i; naghimo liwat hiya  an aga — amo adto an han mga bitoon.,war
Public,Niyan nagsiring  an  Dyo  mga  suga didto ha langit  basi  makalamrag han tuna makapawa  Magkamay-ada panganoron nga ha bug-os nga adlaw ug gab-i ngan  magbubuhag han katubiga magkaduha ka lain nga dapit  basi ngan  basi  malain  han  kasisidman  an  kapawa.,war
Public,Ngan nalipay an Dyos han iya natuman ini.,war
Public,Sanglit ginhimo han hinkit-an.,war
Public,Linmabay an kagab-ihon Dyos an panganoron nga amo an ngan inmabot an aga— amo adto an  gbuhag  han  katubig  may  katubigan ha ilarom han panganoron ngpi may-ada liwat ha bawbaw hini.,war
Public,"Niyan nagsiring  an  Ginngaranan niya  "" Langit  »»  an  Dyos  ""Malukop hin magkalainlain nga buhi nga mga binuhat an katubigan ngan  panganoron.",war
Public,Linmabay an kagab-ihon maluob  hin  katamsihan  an  ngan inmabot an aga— amo adto an kahanginan.,war
Public,Sanglit gintuha han  ikaduha nga adlaw  Niya  gsiring an Dyos  «  An  Dyos an dagko nga kamanampan ha dagat an magkalainlain nga mga  katubigan ha ubos han langit magtirok binuhat nga nag-uokoy ha tubig ngan  ngadt  hin  usa  nga dapit  bas igai  pumakita an kamad-an natuman ini.,war
Public,"Ginngaranan niya ng ""Tuna"" an  an magkalainlain nga katamsihan Ngan nalipay an Dyos han iya hinkit  an.",war
Public,"Ginbendisyonan  niya  ini  'an kamad-an ngan an nagtirok nga katubiga  Dagat "" Ngan  lipay an Dyos han iya hinkit  ngatanan ngan gmsirmg an mga binuhat nga nag-uokoy ha tubig nga  magdamo ini hira ngan pun-on nira an  iNiyan nagsiring hiya  Magpaturok  kadagatan ngan ginsiring niya an  an tuna han magkalainlain nga mga katamsihan nga magdamo liwat hira.",war
Public,Linmabay an kagab-ihon ngan  adton  mg  nahatag  hin  an aga  amo adto an ikalim  nga adlaw.,war
Public,"Niyan m  *'Magkamay-ada magkalainlain  gsiring  an  nga  Dy( tu  kamanampc  kabanwaan ngan an mga tanom para  han  ngatanan  nga  ihalas  nga  an  kamanampan ngan han ngatanan nga katamsihan"" — ngan natuman ini.",war
Public,Nakita han Dyos an ngatanan nga  lx: J.,war
Public,Sanght iya ginhimo ngan naHpay hiya hin  ginhimo han Dyos ini ngatanan ngan duro.,war
Public,Linmabay an kagab-ihon ngan  nalipay hiya han iya hinkit  Niyan nagsiring an Dyos yana paghihimoon ta an tawo  inmabot  an  Ngan f ha  aga  amo  adto  an  ikaunom nga adlaw.,war
Public,Sanglit nahuman an bug-os nga kalibutan ngan an mga butang ha  aton panagway ug ladawan hihimoon  ta hiya.,war
Public,Maghahadi hiya han kaisdaan kalangitan.,war
Public,Dida han ikapito ka  katamsihan ngan han ngatanan nga adlaw nahuman han Dyos an iya mga  kamanamp  ihayop ngan ihalas gintuha ngan pinmahuway  hiya .,war
Public,"Sanglit gintuha Qinbendisyonan niya an ikapito nga  han Dyos an tawo nga ginhimo hiya adlaw ngan ginlain niya ini sugad nga nga si "" ""  hiya  gad ha iya ngahaw.",war
Public,Nagtuha usa nga talagsaon nga adlaw kayhito  lalak  ug  babay  nga adlaw nahuman niya an iya  ginbendisyonan hira ngan ginsiring pagtuha/ ngan hinmunong na hiya hin Magkamay-ada kamo damo nga mga pagtuha.,war
Public,Ngan amo ini an paagi han  anak basi mag-ukoy ha bug  nga  pagtuhaa han bug-os nga kalibutan  tuna an iyo mga tulin ngan paghadian ngan han ngatanan nga aada ha langit.,war
Public,Iginbubutang ko kamo nga  tinap  han  kaisd  katamsihan ngan han ngatanan nga ihalas nga kamanampan.,war
Public,Nagbutang han Tanaman han Eden  Han paghimoa han Ginoo nga  Dyo  han  bug  nga  kalibutan  ko an ngatanan nga magkalainlain nga waray pa mga tanom dida han tuna mga binhe ngan an ngatanan nga ngan waray pa naturok nga mga binhe magkalainlain nga mga bunga nga iyo kay waray pa man hiya magpadara hin  kakaonon; oundi iginhatag ko an  uran ngan waray pa tawo nga nag  uuma han tuna.,war
Public,Dyos hin tuna ngan naghimo hiya hin ta wo \h gininhawaan niy a an irong han tawo ngan nabuhi an tawo.,war
Public,SNiyan nagbutang an Gmoo nga Dyos hin usa nga tanaman didto ha Eden didto ha Sinirangan ngan didto  niya an tawo nga iya  ginhimo.,war
Public,Ginpaturok niya didto an ngatanan nga magkalainlain nga magtahom nga mga kahoy nga nahatag hin magrasa nga mga bunga.,war
Public,Didto ha butnga han tanaman nakadto  an kahoy nga nahatag hin kinabuhi ngan an kahoy nga nahatag hin pakasabot han maupay ngan han maraot.,war
Public,Naawas in usa nea salos didto ha  Eden ngan nagtutubig han tanaman; ha unhan han Eden nagsasanga ini  ngan nahihimo nga upat nga mga salog.,war
Public,JiAn syahan nga salog amo an  Pison; katunaan  naawas  ini  han  palibot  han  Havila.,war
Public,Aadto  hiaagii an puraw nga  nean an  talagsaon liwat nga pahamot ngan mahal nga mga bato.,war
Public,An ikaduha nga salog amo an Gihon; naawas ini palibot han katunaan han Cus.,war
Public,An  nga salog amo an Tigris nga  naawas ha sinirangan han Asiria ngan an ikaupat nga salog amo an  Niyan nagsiring an Ginoo nga  Dyos  «  Diri maupay nga mag-usaan la  an tawo.,war
Public,Maghihimo ako hin angay niya nga kaupod-upod nga mabulig ha iya.,war
Public,Sanglit kinmuha hiya hin tuna ngan iya ginhimo an ngatanan nga kamanampan ngan an ngatanan ftga katamsihan ngan gindara ini han  Dyos  nsadto  han  tawo  basi  pagngaranan niya ngatanan; sanglit amo ini an pagkamay-ada nira mga  ngaran.,war
Public,Niy an dida han pagkaturog han  hiya han Ginoo  tawo  nga Dyos ngan samtang hinmumuo  kan hiya kinuha han Dyos in usa han  mga gusok han tawo ngan ginputos ini  hin unod.,war
Public,Ginhimo niya in usa nga  babaye tikang han gusok n  niya tikang han lalake ngan gindara niya an babaye ngadto han lalake.,war
Public,"Niyan nagsiring an lalake  ""lini na gud man in usa nga sugad ha akon kapareho  Tul-an nga tikang han akon tul- an   ngan unod nga tikang han akon unod.",war
Public,Tatawgon hiya nga Babaye' kay kinuha hiya tikang han  >  Niyan iginbutang han Ginoo nga Dyos an tawo didto han Tanaman han  Eden basi niya pagpagbantayan.,war
Public,"Ginsiring hiya han an lalake kinahanglan bumaya han  ""Makakakaon ka han bunga amay ug iroy niya ngan makigtampo  ngan  Sanelit amo ini an  nea  Dyos *  han bisan ano nga kahoy dinhe ha han iya asawa ngan hira nga duha  tanaman iabot han kahoy nga uusa na la.",war
Public,Mga hubo-lubas nga duha an  ngan han maraot.,war
Public,Kinahanglan diri lalake ngan an babaye kundi waray ka kumaon han bunga hito nga kahoy; hira pa  Waray Magsugot an Tawo  Niyan an halas amo gud an labi ka listo han ngatanan nga mananap nga ginhimo han Ginoo nga Dyos.,war
Public,Hin-o an nagsumat ha imo nga  hubo  ka?  »  nagpakiana an Dyos.,war
Public,"«  Kinmaon ka ba han bunga nga  Ginpakianhan han halas an babaye igindiri ko ha imo?  »  «  Tinuod ba nga gindid-an kamo han  iBinmaton an lalake ""Gintagan  Dyos hin pagkaon hin bunga tikang ako han babaye nga imo iginbutang  hin bisan ano nga kahoy dinhe han dinhe  nga  kaupod nakon ngan  tanaman?""  Binmaton an babaye ""Makakakaon kami han bunga hin bisan ano nga kahoy dinhe han tanaman labot han kahoy nga aada ha butnga han  kinmaon ako.",war
Public,"Ginpakianhan han Ginoo nga  Dyos  an babaye ""Kay ano nga  ginbuhat mo ini?""  Binmaton  hiya.",war
Public,Ginlimbongan  tanaman.,war
Public,Gindid-an kami han Dyos ako han halas hin pagkaon hini.,war
Public,hin pagkaon han bunga hito nga kahoy o bisan pagkamkam hito; kon amon ini pagbuhaton mapatay kami.,war
Public,"Binmaton an halas ""Buwa ito; diri kamo mapatay.",war
Public,"Ginsiring ito han Dyos kay maaram hiya nga kon kumaon kamo han bunga masusugad kamo han Dyos' ngan makakasabot  Naghukom an Dyos  Niyan ginsiring han Ginoo nga  Dyos  an  halas ""Tungod  hini  han  )>  kamo  maraot.",war
Public,Kinmita  maupay ngan  han  pagsisirotan ko ikaw; han ngatanan nga kamanampan ikaw la mag-aantos hini nga gaba: tikang yana ha imo tiyan magdadanas ka ngan tapotapo an imo kakaonon samtang buhi ka pa.,war
Public,Hihimoon  ko  nga  magkaaway  an  babaye  han  kamatahom han kahoy ngan han kamarasa kaonon han bunga hini ngan nakahunahuna hiya nga maupay gud an may-ada kinaadman.,war
Public,Sanglit kinmuha hiya hin pira ka bug-os nga bunga ngan kinmaon hiya.,war
Public,Niyan gintagan niya an iya bana ngan  kinmaon  liwat  hiya  hini.,war
Public,Han  pakakaon gudla nira hini nahibaro hira ngan nakasabot nga mga hubo hira; sanglit naghimo hira hin tapis hin mga dahon hin igos basi katabonan an ira lawas.,war
Public,Hito ngahaw  nga  kulopay  hinbatian nira an Ginoo nga Dyos nga naglalakat dida han tanaman ngan  kamo — hi ikaw ngan han babaye; dayuday magkaaway an iya ngan an imo mga tulin.,war
Public,An iya mga tulin amo an madugmok han imo ulo ngan pagtutukbon man nimo an iya tikod.,war
Public,"Ngan nagsiring hiya ngadto han babaye ""Dudugangan ko an imo kakurian dida ha imo pagburod ngan an imo kasakitan dida ha imo paganak.",war
Public,Bisan pa ngani hini mahigugma ka la gihapon han imo bana ngan hiya  magpapangulo ha imo.,war
Public,"Ngan nagsiring hiya ngadto han  lalake ""Namati ka han imo asawa  ngan kinmaon ka han bunga nga  igindiri ko ha imo.",war
Public,Tungod han imo  an  tuna.,war
Public,Magkakabudlay ka hin duro ha bugos mo nga kinabuhi hin pagpabunga  hini hin igo nga pagkaon para ha imo.,war
Public,"Maturok ha tuna in katungkan ngan kasapinitan ngan an imo kakaonon lOBinmaton hiya ""Hinbatian ko amo an mga tanom ha kapatagan.",war
Public,Ginhimo ka tikang hin tuna ngan mabahk ka liwat hin ka tuna.,war
Public,Ginngaranan ni Adan' an iya asawa nga Eva kay amo hiya an iroy han ngatanan nga mga tawo.,war
Public,Ngan naghimo an Ginoo nga Dyos hin mga panapton nga anit hin mananap para kan Adan ngan han iya asawa ngan iya ginbadoan hira.,war
Public,"Ginpaiwas Tikang han Tanaman  hira Adan ug Eva  Niyan nagsiring an Ginoo nga Dyos ""Yana nahimo na an tawo nga sugad ha aton ngan nasabot na han maupay ngan han maraot.",war
Public,Kinahanglan diri hiya pagtugotan hin pagkaon hin bunga tikang han kahoy  nahatag hin kinabuhi ngan mabuhi hin kadayonan.,war
Public,Sanglit ginpaiwas hiya han Ginoo nga Dyos  tikang han Tanaman han Eden ng ginpapag-uma hiya han tuna n ginhimo ha iya.,war
Public,Niyan ginbutang niya didto han sinirangan nga dapit  han tanaman hin buhi nga mg  binuhat ngan hin usa nga nag-iidiap  espada nga waray hunong hin  pagbinirik.,war
Public,Ginbuhat ini basi waray makahirani nga bisan hin-o han kahoy nga nahatag hin kinabuhi.,war
Public,ދިވެހީންނަކީ ދިވެހިބަހަށް އިސްކަންދީގެން ދިވެހިބަސް ހެޔޮ ގޮތުގައި ބޭނުންކުރަން ދަންނަ ބަޔަކަށްވުމާއެކު،  ދިވެހި ބަހާއި ތާރީޚާއި ޘަޤާފަތާއި އާދަކާދައާ މެދު ފަޚުރުވެރިވެ ދިވެހިބަހާއި ތާރީޚާއި ޘަޤާފަތާއި އާދަކާދަ ރައްކައުތެރިކޮށް ދިރުވައިއާލާކުރާ ބަޔަކުކަމުގައިވުން.,div
Public,ދިވެހިބަސް ޙިމާޔަތްކޮށް، ރައްކައުތެރިކޮށް، ދިރުވައި، ދަމަހައްޓައި، ކުރިއަރުވައި މުއްސަނދިކޮށް އަންނާން އޮތް ޖީލުތަކަށް އަމާނާތްތެރިކަމާއެކު ވާސިލްކޮށްދިނުމާއެކު ދިވެހިބަހާއި ދިވެހިތާރީޚާއި ދިވެހި ސަގާފަތާބެހޭ އެންމެ އިތުބާރުހުރި އެންމެ ޞައްޙަ މަޢުލޫމާތު ލިބެންހުންނަ ޤައުމީ މުއައްސަސާއަށްހެދުން.,div
Public,ހިއްސާކުރާ އަސާސީ އަގުތައް ,div
Public,އިޚްލާޞްތެރިކަން,div
Public,ތެދުވެރިކަން ވަފާތެރިކަން ,div
Public,އޯގާވެރިކަން ހިތްހެޔޮކަން,div
Public,މުވައްޒަފުންގެ ސިފަ,div
Public,ދިވެހި ބަހުގެ އެކެޑަމީގެ ކޮންމެ މުވައްޒަފަކުމެ ރައްޔިތުންނަށް ޚިދުމަތްދިނުމުގައި މަސައްކަތްކުރާނީ އިޚްލާޞްތެރިކަމާއި ތެދުވެރިކަމާއި ވަފާތެރިކަމާއި އޯގާވެރިކަމާއި ހިތްހެޔޮކަމާ އެކުގައެވެ.,div
Public,ދިވެހިބަހުގެ އެކެޑަމީން ދޭ ޚިދްމަތްތައް,div
Public,ދިވެހިބަހާއި ދިވެހިތާރީޚާއި ޘަޤާފަތާބެހޭ މަޢުލޫމާތު ދިނުން.,div
Public,ދިވެހި ދިރާސީ ކުތުބުޚާނާގެ ޚިދުމަތް ދިނުން.,div
Public,ދިވެހިބަހާއި އަދަބިއްޔާތުގެ އެކިއެކި ކޯސްތަކާއި ތާރީޚާ ގުޅުންހުރި ކޯސްތައް ހިންގުން,div
Public,އެކިއެކި ކޯސްތައް ފުރިހަމަކުރާ ފަރާތްތަކަށް ބޭނުންވާ ދިރާސީ މަޢުލޫމާތު ދިނުން.,div
Public,ދިވެހިބަހުގެ އެކެޑަމީން ތައްޔާރުކުރާ ފޮތްތަކާއި މިނިސްޓްރީ އޮފްއެޑިއުކޭޝަނުން ތައްޔާރުކުރާފޮތްފޮތް ވިއްކުން.,div
Public,ދިވެހިބަހާއި ތާރީޚާއި ޘަޤާފަތާ ބެހޭ ގޮތުން އެކި ފަރާތްތަކުން ކުރާ ދިރާސާތަކަށް ބޭނުންވާ ޢިލްމީ އަދި ފަންނީ ލަފާ ދިނުން.,div
Public,ދިވެހިބަހުގެ ބަސްކޮށާރަށް އަންނަ ބަދަލުތަކާ ބެހޭ މަޢުލޫމާތު ދިނުން.,div
Public,ދިވެހިބަހުގެ ޤަވާޢިދާ ބެހޭ މަޢުލޫމާތު އެކި ފަރާތްތަކާ ހިއްސާ ކުރުން.,div
Public,ދިވެހިބަހާއި ތާރީޚާއި ޘަޤާފަތާ ބެހޭގޮތުން ޢާއްމުން ކުރާ ސުވާލުތަކަށް ޖަވާބު ދިނުން.,div
Public,ދިވެހީންނަކީ ދިވެހިބަހަށް އިސްކަންދީގެން ދިވެހިބަސް ހެޔޮ ގޮތުގައި ބޭނުންކުރަން ދަންނަ ބަޔަކަށްވުމާއެކު،  ދިވެހި ބަހާއި ތާރީޚާއި ޘަޤާފަތާއި އާދަކާދައާ މެދު ފަޚުރުވެރިވެ ދިވެހިބަހާއި ތާރީޚާއި ޘަޤާފަތާއި އާދަކާދަ ރައްކައުތެރިކޮށް ދިރުވައިއާލާކުރާ ބަޔަކުކަމުގައިވުން.,div
Public,ދިވެހިބަސް ޙިމާޔަތްކޮށް، ރައްކައުތެރިކޮށް، ދިރުވައި، ދަމަހައްޓައި، ކުރިއަރުވައި މުއްސަނދިކޮށް އަންނާން އޮތް ޖީލުތަކަށް އަމާނާތްތެރިކަމާއެކު ވާސިލްކޮށްދިނުމާއެކު ދިވެހިބަހާއި ދިވެހިތާރީޚާއި ދިވެހި ސަގާފަތާބެހޭ އެންމެ އިތުބާރުހުރި އެންމެ ޞައްޙަ މަޢުލޫމާތު ލިބެންހުންނަ ޤައުމީ މުއައްސަސާއަށްހެދުން.,div
Public,ހިއްސާކުރާ އަސާސީ އަގުތައް ,div
Public,އިޚްލާޞްތެރިކަން,div
Public,ތެދުވެރިކަން ވަފާތެރިކަން ,div
Public,އޯގާވެރިކަން ހިތްހެޔޮކަން,div
Public,މުވައްޒަފުންގެ ސިފަ,div
Public,ދިވެހި ބަހުގެ އެކެޑަމީގެ ކޮންމެ މުވައްޒަފަކުމެ ރައްޔިތުންނަށް ޚިދުމަތްދިނުމުގައި މަސައްކަތްކުރާނީ އިޚްލާޞްތެރިކަމާއި ތެދުވެރިކަމާއި ވަފާތެރިކަމާއި އޯގާވެރިކަމާއި ހިތްހެޔޮކަމާ އެކުގައެވެ.,div
Public,ދިވެހިބަހުގެ އެކެޑަމީން ދޭ ޚިދްމަތްތައް,div
Public,ދިވެހިބަހާއި ދިވެހިތާރީޚާއި ޘަޤާފަތާބެހޭ މަޢުލޫމާތު ދިނުން.,div
Public,ދިވެހި ދިރާސީ ކުތުބުޚާނާގެ ޚިދުމަތް ދިނުން.,div
Public,ދިވެހިބަހާއި އަދަބިއްޔާތުގެ އެކިއެކި ކޯސްތަކާއި ތާރީޚާ ގުޅުންހުރި ކޯސްތައް ހިންގުން,div
Public,އެކިއެކި ކޯސްތައް ފުރިހަމަކުރާ ފަރާތްތަކަށް ބޭނުންވާ ދިރާސީ މަޢުލޫމާތު ދިނުން.,div
Public,ދިވެހިބަހުގެ އެކެޑަމީން ތައްޔާރުކުރާ ފޮތްތަކާއި މިނިސްޓްރީ އޮފްއެޑިއުކޭޝަނުން ތައްޔާރުކުރާފޮތްފޮތް ވިއްކުން.,div
Public,ދިވެހިބަހާއި ތާރީޚާއި ޘަޤާފަތާ ބެހޭ ގޮތުން އެކި ފަރާތްތަކުން ކުރާ ދިރާސާތަކަށް ބޭނުންވާ ޢިލްމީ އަދި ފަންނީ ލަފާ ދިނުން.,div
Public,ދިވެހިބަހުގެ ބަސްކޮށާރަށް އަންނަ ބަދަލުތަކާ ބެހޭ މަޢުލޫމާތު ދިނުން.,div
Public,ދިވެހިބަހުގެ ޤަވާޢިދާ ބެހޭ މަޢުލޫމާތު އެކި ފަރާތްތަކާ ހިއްސާ ކުރުން.,div
Public,ދިވެހިބަހާއި ތާރީޚާއި ޘަޤާފަތާ ބެހޭގޮތުން ޢާއްމުން ކުރާ ސުވާލުތަކަށް ޖަވާބު ދިނުން.,div
Public,ދައުލަތުގެ އިދާރާތަކުގެ މުވައްޒަފުން ދިވެހިބަހަށް އަހުލުވެރިކުރުމަށް ދިވެހިބަހުގެ އެކެޑަމީން ކުރިއަށްގެންދާ ދިވެހިބަސް ހެޔޮ ގޮތުގައި ބޭނުންކުރަން ދަސްކޮށްދޭ ކޯސް މިފަހަރު ކުރިއަށް ގެންދިޔައީ މޯލްޑިވްސް ޕޮލިސް ސަރވިސްގެ ވިކްޓިމް ސަޕޯޓް ޑިޕާޓްމަންޓްގެ އެދުމުގެ މަތިންނެވެ.,div
Public,މި ކޯސް ކުރިއަށް ގެންދިޔައީ 2025 ޖަނަވަރީ 13އިން 19އަށް ދިވެހިބަހުގެ އެކެޑަމީގައެވެ. މޯލްޑިވްސް ޕޮލިސް ސަރވިސްގެ ވިކްޓިމް ސަޕޯޓް ޑިޕާޓްމަންޓްގެ މުވައްޒަފުންނަށް ހާއްސަކޮށްގެން 10 ގަޑިއިރަށް ކުރިއަށް ގެންދިޔަ މި ކޯހުން ޖުމްލަ 22 ބައިވެރިން ވަނީ ސެޓްފިކެޓް ހާސިލްކޮށްފައެވެ.,div
Public,މި ކޯހުގައި މައިގަނޑު ގޮތެއްގައި ކިޔަވައިދީފައި ވަނީ ދިވެހިބަހުގެ ގަވާއިދާއި ކުށެއް ނެތް ރީތި އިބާރާތުން ލިޔާނެ ގޮތާއި އޮފީސްތަކުގައި އާންމުކޮށް ލިޔާ ލިޔުންތައް އިބާރާތް ކުރާނެ ގޮތާއި ދިވެހިބަހުން ރީތިކޮށް މުއާމަލާތުކުރާނެ ގޮތްތަކެވެ.,div
Public,މި ކޯހުގައި ކިޔަވައިދެއްވީ ދިވެހިރާއްޖޭގެ ގައުމީ ޔުނިވާސިޓީގެ ފެކަލްޓީ އޮފް އާޓްސްގެ ލެކްޗަރާ އަލްފާޟިލާ އަޒީޒާ ޢަފީފާއި ދިވެހިބަހުގެ އުސްތާޛު އަބްދުލްޢަޒީޒު ޖަމާލް އަބޫބަކުރެވެ.,div
Public,އެންޓި-ކޮރަޕްޝަން ކޮމިޝަނުގެ މުވައްޒަފުންނަށް ޚާއްސަކޮށް، ދިވެހިބަހުގެ އެކެޑަމީން ކޯހެއް ފަށައިފިއެވެ.,div
Public,މި މަހުގެ 2ގައި ފެށި ކޯސް އަންނަ ބުދަ ދުވަހުގެ ނިޔަލަށް ކުރިއަށްގެންދާނެއެވެ.,div
Public,އަށްގަޑިއިރަށް ކުރިއަށްގެންދާ މި ކޯހުގެ މަގުސަދަކީ ދިވެހިބަހުގެ ހަމަތަކާއި ގަވާއިދުތަކާއި އުސޫލުތަކާ އެއްގޮތަށް ލިޔެކިޔުންތައް ބެހެއްޓުމާއި އަދަބު އިޙުތިރާމާއެކު މުއާމަލާތުކުރާނެ ގޮތްތައް މުވައްޒަފުންނަށް އޮޅުންފިލުވައިދިނުން ކަމަށް ދިވެހިބަހުގެ އެކެޑަމީން ވަނީ ބުނެފައެވެ.,div
Public,އެގޮތުން މި ކޯހުގައި ކުރިއަށްގެންދާ ބައިތަކުގެ ތެރޭގައި:,div
Public,ދިވެހިބަހުން ރީތިކޮށް ވާހަކަދައްކާނެ ގޮތް އޮޅުންފިލުވައިދިނުމާއި,div
Public,ލަފުޒު ވަކިކޮށް ލިޔުމުގެ ގަވާއިދު އޮޅުންފިލުވައިދިނުމާއި,div
Public,ސާފު ރީތިބަހުން އިބާރާތްކުރާނެ ގޮތް ކިޔައިދިނުމާއި,div
Public,ދިވެހިބަހުގެ ގަވާއިދާ އެއްގޮތަށް ސުކުންކުރާނެ ގޮތްތައް އޮޅުންފިލުވައިދިނުމާއި,div
Public,ތާނައިގައި ތިކިޖަހައިގެން ލިޔާނެ އުސޫލު އޮޅުންފިލުވައިދިނުން ހިމެނެއެވެ.,div
Public,އެކެޑަމީން ބުނީ މި ކޯހުގެ ކްލާސްތައް ކުރިއަށް ގެންދަނީ ހަތަރު ދަންފަޅިއަކަށް ބަހައިލައިގެން ކަމަށެވެ. އަދި މި ކޯހުގައި ކިޔަވައިދެއްވާނީ ގައުމީ ޔުނިވާސިޓީގެ ދެ ދާރިސުންކަމުގައިވާ އަލްފާޟިލާ ޢަޒީޒާ ޢަފީފާއި އަލްފާޟިލް ޢަބްދުﷲ ޖަމީލެވެ.,div
Public,Sena wasika ciindi nzi kung'anda yako?,toi
Public,Mwanza mwisi mulilo usende?,toi
Public,Kuli indedi yakuboko yenu?,toi
Public,Kupona mwine mubotu?,toi
Public,Mwine wakuma na mwoyo?,toi
Public,Lelo tulaya ku mushitu?,toi
Public,Mwiilu ya kuchinja likonda?,toi
Public,Wema wa muntu woneka pakachinja?,toi
Public,Mwalonga chisungu na chisente?,toi
Public,Bantu bonse balipo pamodzi?,toi
Public,Tala wa mikono ya nzuri?,toi
Public,Kisa ki wanga kuli imani?,toi
Public,"Wakasa mwili, waza moyo?",toi
Public,"Lelo, naomba unisamehe?",toi
Public,"Mbote, utambula mpenza?",toi
Public,"Wena, onduka kumanya?",toi
Public,"Sema, umejua ukweli?",toi
Public,Nimefurahia mazungumzo yako.,toi
Public,"Je, unawasiliana na familia?",toi
Public,Tuna matumaini makubwa leo.,toi
Public,Otyi tava tava omundu omuye?,kua
Public,Efiku lidala lyoihame?,kua
Public,Ombepo yokudira eyi oluhepi?,kua
Public,Ashike wahala okuninga ombepo?,kua
Public,Omukumo wa kwata okwiita?,kua
Public,Nenge ina yimwe okuka nawa?,kua
Public,Efimbo lyo noshuna otahi?,kua
Public,Omunho wa oveke nda pe?,kua
Public,Ohandi latwa okukala pe?,kua
Public,Omundilo wa nokandje olundumba?,kua
Public,Otyi omena omundu okwa?,kua
Public,Efula omukumo oko nawa?,kua
Public,Olya ombepo oyo ondo?,kua
Public,Okwata omifunda yomukumo?,kua
Public,Oshika okusalira omundu?,kua
Public,Okwahila ombepo ya somo?,kua
Public,Okusoma ombepo otyi?,kua
Public,Olya otalo okukala pe?,kua
Public,Okutangila omundu oyina?,kua
Public,Olweya ombepo olundumba?,kua
Public,Ka ou té ka fè jòdi?,gcr
Public,Manman di mwen alé lékol.,gcr
Public,Mwen ni on bel ti kaz.,gcr
Public,Zot ka manjé anlo fri jòdi.,gcr
Public,Pawol sé tanbou.,gcr
Public,Nou kay alé vwè fim-la.,gcr
Public,Jòdi sé on bel jouné.,gcr
Public,"Sa ki fèt la, i pa bon.",gcr
Public,Ou ni an bel jaden.,gcr
Public,Ti moun-la ka kriyé fò.,gcr
Public,Ou ké vini pran manjé?,gcr
Public,Nou kay alé travay ansanm.,gcr
Public,"Jòdi, nou ké fè fèt.",gcr
Public,Ti moun-la ka ri byen.,gcr
Public,Mwen kontan wè ou.,gcr
Public,Kisa ou ké fè demen?,gcr
Public,Nou ka pale byen dousman.,gcr
Public,Fò nou viv ansanm.,gcr
Public,Ou ni on bèl souri.,gcr
Public,"Jòdi, tout bagay ka mache.",gcr
Public,Ohe kɛ ni be ni?,gaa
Public,Oyaa nu yɛ wa?,gaa
Public,Mɛni bɛ wɔ nitsumɔ lɛ?,gaa
Public,Ŋmɛni hewɔ ni abɔ mɔ?,gaa
Public,Oyaaa wɔ wɔ ɛ?,gaa
Public,Kɛ ni be tsui wɔ lɛ?,gaa
Public,He ni ohi yɛ?,gaa
Public,Otaa wɔ yɛ nɔ?,gaa
Public,Okai wɔ tsui lɛ?,gaa
Public,Nitsumɔ ŋmɛnɛ ni yɛ wɔ?,gaa
Public,Wɔ yɛ shikɔ wɔ?,gaa
Public,"Nu yɛ da, ogbo?",gaa
Public,Yɛ bɛ tsui ehi?,gaa
Public,He ni ɔyɛ pɛ?,gaa
Public,"Ohe, nu yɛ bo?",gaa
Public,"Nyu yɛ dɔ, ogbo?",gaa
Public,Nu yɛ be ni?,gaa
Public,"Okai, yɛ tsui yɛ?",gaa
Public,"Nu yɛ kɛ, yɛ la?",gaa
Public,"Wɔ yɛ nɔ, nu yɛ nɔ?",gaa
